Mx86 Raz Helmet Motorcycle Helmet Gmax, 129.95,https://pulsar.ebay.com/plsr/clk/0/SADS/9?pld=%7B%22mecs%22%3A%22302541473640fd07d41fb3c54ad592cf5805bc698a29%22%2C%22enc%22%3A%22AQACAAACgECrdTMMjTK3cnadl0AMuL0Gtam6ACsYen%2B4PWyPNV%2FB0dRwaRV8WBTYBJ%2B9G0%2FQTZdSscj612vyMklClKBHvII90xz11yI1wLkRztmxPTP57tqmLwkrLGRXEj61sViPvmkR%2B72O%2BDJLZShqDb6np3WZOX%2FRquzmleq2KsvfFYxtXoNmpwQ3NagAgtXoQC7vE%2BvwyfkKWuNg4MitOSqGaQJPGKTjIE%2F6MsT28a0GXtJ2ZWiz5HHZ5OnaJFw%2BWHwt%2FM219ZtGqAgjz12T2akp%2Bs5IdgmWV%2FI%2B%2Fqblr2cRfo3fVlLJYg3k7O%2F%2Fs7HWScsJJFcNKK2UPNYsPYUqpPMhHuP3A46LMOr4Mc4sYnHivTR7LkY56X%2BcomZHUWbUWstrWL75iMXNYW34BPSzQKl%2B4YHM1%2FVyPhx%2BiMR0FBOXysoTDBC%2FqNuuyLc9jvsIUtSUrjxqjfPPO9Xs%2B%2FdQ%2BAUV%2BTlogWzuxw0L9nIIHezIbsjTIbQ6CXNd5peOCOtDU7RPRZpbTHUxEWZ5oty0wR3G5kLZLAVOT4Kh8YKkpVAz6Xonq4f9EtXvZbIUbXMx2n9LIEk%2B8GeywvDWamr2a7v5PXT56cn3gziAHXKnbufFnAtQPBZ6dDefAO2IDfmoUco4pw2yTzemuY7MWaKGREaCWIfbaVA90Fezc%2B%2FPd3jLtTx763FnUsyiwRBOAOx49VdeDSkuGGUMUYkOgpHv6VsonD4txQSMzP3w0F10xlrsnpUmq6SIJctexrKT597Krj9%2F27S7of0KFkCoJ6lQLa%2BG1ivxnOa8C9NDt1q%2Fh6hoaCT%2Fs%2FYxPHIBAVCK%2B%2F0Z1SlrA2X2hPz69NxaBYYzCULkIyM%3D%22%7D
3/4 Motorcycle Helmet Black Open Face Helmet Cruiser ALL SIZES ADULT Goggles NEW, 13.99,https://www.ebay.com/itm/3-4-Motorcycle-Helmet-Black-Open-Face-Helmet-Cruiser-ALL-SIZES-ADULT-Goggles-NEW/272593860470?epid=14004513371&hash=item3f77dc3776:m:mJnP06vg5anBtw1PANpwyTw&vxp=mtr
FLY STREET - LUXX Camo Full-Face Motorcycle Helmet (Red) S (Small), 143.97,https://www.ebay.com/itm/FLY-STREET-LUXX-Camo-Full-Face-Motorcycle-Helmet-Red-S-Small/282761720294?hash=item41d5e971e6:g:8CMAAOSw43haJ1oW&vxp=mtr
Zoan Adult optimus Snow Helmet Solid Color White 2XL, 149.95,https://www.ebay.com/itm/Zoan-Adult-optimus-Snow-Helmet-Solid-Color-White-2XL/182738992704?hash=item2a8c17be40:g:zyQAAOSw3GFZpe~1&vxp=mtr
Biltwell Inc. Gringo Solid Motorcycle Helmet Flat Black, 159.95,https://www.ebay.com/itm/Biltwell-Inc-Gringo-Solid-Motorcycle-Helmet-Flat-Black/362161494857?hash=item545281db49:m:mtQEVBwgVBF3t95_i1v7L0w&vxp=mtr
BILTWELL Gringo Full Face Solid Color Helmets Adult XL Flat Titanium, 159.95,https://www.ebay.com/itm/BILTWELL-Gringo-Full-Face-Solid-Color-Helmets-Adult-XL-Flat-Titanium/173012697320?hash=item28485c40e8:g:HxcAAOSwB3BaI3MG&vxp=mtr
Speed & Strength SS1310 Bikes Are In My Blood Full Face Helmet Red/Black, 159.95,https://www.ebay.com/itm/Speed-Strength-SS1310-Bikes-Are-In-My-Blood-Full-Face-Helmet-Red-Black/362164251227?hash=item5452abea5b:m:mYuiINpbzGyOJiden-ynJiQ&vxp=mtr
Fly Street Winners Circle Helmet Blue/White XS, 159.96,https://www.ebay.com/itm/Fly-Street-Winners-Circle-Helmet-Blue-White-XS/232581971384?hash=item3626f73db8:g:ywMAAOSwAC1aIW6Z&vxp=mtr
AGV Pista GP-R Anniversario Carbon 1947 LTD Motorcycle Helmet Matte Black/Gold, 1599.95,https://www.ebay.com/itm/AGV-Pista-GP-R-Anniversario-Carbon-1947-LTD-Motorcycle-Helmet-Matte-Black-Gold/142584258965?hash=item2132af2195:m:mfYy0UPiDlp1us1FGPiwbYA&vxp=mtr
GMAX GM54S Modular Motorcycle Helmet (Black) XL (X-Large), 166.46,https://www.ebay.com/itm/GMAX-GM54S-Modular-Motorcycle-Helmet-Black-XL-X-Large/282761664474?epid=657313673&hash=item41d5e897da:g:SIYAAOSwZlZaJ0oG&vxp=mtr
GMAX GM54S Modular Motorcycle Helmet (Pearl White) M (Medium), 166.46,https://www.ebay.com/itm/GMAX-GM54S-Modular-Motorcycle-Helmet-Pearl-White-M-Medium/282761664431?epid=656644667&hash=item41d5e897af:g:4-YAAOSwR6RaJ0oE&vxp=mtr
Zoan Adult Optimus Snow Helmet Solid Color Glossy Black 3X-Large, 169.95,https://www.ebay.com/itm/Zoan-Adult-Optimus-Snow-Helmet-Solid-Color-Glossy-Black-3X-Large/182738992544?hash=item2a8c17bda0:g:suMAAOSwyI5Zpe~o&vxp=mtr
Fly Street 2018 SENTINEL Full-Face Helmet w/ Sun Shield (Grey/Red) 2XL, 170.96,https://www.ebay.com/itm/Fly-Street-2018-SENTINEL-Full-Face-Helmet-w-Sun-Shield-Grey-Red-2XL/272970664367?epid=15007852344&hash=item3f8e51c9af:g:ieIAAOSwiBJaJ1oZ&vxp=mtr
Fly Street 2018 SENTINEL Full-Face Helmet w/ Sun Shield (Grey/White) S (Small), 170.96,https://www.ebay.com/itm/Fly-Street-2018-SENTINEL-Full-Face-Helmet-w-Sun-Shield-Grey-White-S-Small/272970664511?hash=item3f8e51ca3f:g:cTsAAOSwa0VaJ1og&vxp=mtr
AGV s4 sv helmet size XL, 177.00,https://www.ebay.com/itm/AGV-s4-sv-helmet-size-XL/222745041613?hash=item33dca39acd:g:y9EAAOSwAaJaJwA3&vxp=mtr
AGV K-3 SV Full-Face Motorcycle Helmet (SIMONCELLI) XL (X-Large), 177.68,https://www.ebay.com/itm/AGV-K-3-SV-Full-Face-Motorcycle-Helmet-SIMONCELLI-XL-X-Large/272970657238?epid=1434540162&hash=item3f8e51add6:g:1vEAAOSwvD5aJ1jE&vxp=mtr
*Fast Shipping* Bell Revolver Evo Modular Motorcycle Helmet, 179.95,https://www.ebay.com/itm/Fast-Shipping-Bell-Revolver-Evo-Modular-Motorcycle-Helmet/251527315226?epid=1611838775&hash=item3a90323f1a:m:my0VQOU5LD9wLmMwl77Py9A&vxp=mtr
GMAX GM64 Modular Helmet (Flat Black) M (Medium), 179.96,https://www.ebay.com/itm/GMAX-GM64-Modular-Helmet-Flat-Black-M-Medium/272970601938?epid=1039519342&hash=item3f8e50d5d2:g:lnwAAOSwYeRaJ0oE&vxp=mtr
ICON Airmada Full Face Motorcycle Helmet Solid Gloss (White) LG / Large, 180.00,https://www.ebay.com/itm/ICON-Airmada-Full-Face-Motorcycle-Helmet-Solid-Gloss-White-LG-Large/272970617712?epid=1711842986&hash=item3f8e511370:g:XF0AAOSwZlZaJ0-8&vxp=mtr
"*Ships Same Day* Bell Rogue Motorcycle Helmet (Matte Black, Ghost Recon, Arc..)", 199.95,https://www.ebay.com/itm/Ships-Same-Day-Bell-Rogue-Motorcycle-Helmet-Matte-Black-Ghost-Recon-Arc/281909846028?epid=1111819644&hash=item41a322e00c:m:maygKbnm0zcdYDYKHHrY1OQ&vxp=mtr
AGV K-3 SV Full-Face Motorcycle Helmet (Matte/Flat Black) XL (X-Large), 199.95,https://www.ebay.com/itm/AGV-K-3-SV-Full-Face-Motorcycle-Helmet-Matte-Flat-Black-XL-X-Large/282761654375?hash=item41d5e87067:g:jFMAAOSwkLhaJ0bi&vxp=mtr
AGV K-3 SV Full-Face Motorcycle Helmet (Matte/Flat Black) MS (Medium-Small), 199.95,https://www.ebay.com/itm/AGV-K-3-SV-Full-Face-Motorcycle-Helmet-Matte-Flat-Black-MS-Medium-Small/282761654586?epid=1137651784&hash=item41d5e8713a:g:uk0AAOSwP4FaJ0br&vxp=mtr
Biltwell Inc. Gringo S Solid Motorcycle Helmet Gloss Agave Blue, 199.95,https://www.ebay.com/itm/Biltwell-Inc-Gringo-S-Solid-Motorcycle-Helmet-Gloss-Agave-Blue/362162231164?hash=item54528d177c:m:myQPBnn265dHKWMmJQhZxYA&vxp=mtr
Scorpion Belfast Retro Open Face 3/4 Helmet Matte Black Large Solid 75-1610L, 199.95,https://www.ebay.com/itm/Scorpion-Belfast-Retro-Open-Face-3-4-Helmet-Matte-Black-Large-Solid-75-1610L/263355871397?hash=item3d513bb0a5:g:24MAAOSwBkRaIQx2&vxp=mtr
Scorpion Belfast Retro Open Face 3/4 Helmet Matte Black Medium Solid 75-1610M, 199.95,https://www.ebay.com/itm/Scorpion-Belfast-Retro-Open-Face-3-4-Helmet-Matte-Black-Medium-Solid-75-1610M/263355871558?hash=item3d513bb146:g:2QQAAOSwkLhaIQx~&vxp=mtr
Helmet Full-Face Off-Road Airoh Terminator Open Vision Color White Gloss - M, 207.58,https://www.ebay.com/itm/Helmet-Full-Face-Off-Road-Airoh-Terminator-Open-Vision-Color-White-Gloss-M/202137684657?hash=item2f10584ab1:g:v~AAAOSwETJaJ3-i&vxp=mtr
Helmet Full-Face Off-Road Airoh Terminator Open Vision Color White Gloss â€“ XL, 207.58,https://www.ebay.com/itm/Helmet-Full-Face-Off-Road-Airoh-Terminator-Open-Vision-Color-White-Gloss-XL/202137684722?hash=item2f10584af2:g:Df4AAOSwnTdaJ3-n&vxp=mtr
Bluetooth Integrated Modular Flip Up Dual Visor Full Face Motorcycle Helmet, 209.40,https://pulsar.ebay.com/plsr/clk/0/SADS/9?pld=%7B%22mecs%22%3A%222627339013851aab68c98b2e4c089b90981407219be7%22%2C%22enc%22%3A%22AQACAAACoECrdTMMjTK3cnadl0AMuL0FhI6qLeQqPOEEpz83%2By838KMnFyxmeqdLYImY8jQUK1bsSG96mEbjjZ5yNbMZsMidwJvjpmpD2ddpt6ilblzLNfMKtMazJigqJtjupRDaJkPWg4fcJl94G6lYuvpV28IHLO8En0tkXIISiAtIS1C9%2BbF%2B87Kj8d51%2BAulIoKVgiMtqEqONGfISC%2F2X4PBcgI5%2FQzVXww6FoPHKYmP5HXAI2eJC8rDmrePQDth6ewFFI%2B5jvXpeU0YezonO%2B6ICV%2BFGFAgomnu1N5fDB059ZA%2BZltDLH5J%2FxCOTRaU%2BQ%2F%2Fj0Me8Ice%2BLAmiClvb7GwtRiCr5lbQN%2F%2FKDjNxmMej3yAEuBHeU2N2Xy2VLygJJ3fGTMY3JXVWD4HxYTL5%2BviLINOulccOwjyQTRdg%2BIfeBUksdJosqWmMqg%2BpOwl4OrdfDb%2BB4jgz%2BepKPPTuYecljelVNYEO6b4buHgLFJCdXELL1ysGbPJH6z5R3h0W655njt3iLkXEyQ%2FjielnYu2PfaJmR0djnKvR5D%2BUkFAAF9jrSsNTMrpVLLybg58mRjoBBlXmiIASIVa2hcJYvrNqGKSjMNCqfRS11nx6vPZBmG%2BV15nS7c6TXBDaWCiq61rTgS%2BnejZc9FY2zDCosAchyICvT6s1FEOYs%2F2763RdDzTfyEwJSu2bUGR2RpOO51yJ7Jk1kUpmFZxV8DlGoBAfrvIVA1Dm0xVxFBUSEiugLLNlKAywH3ddw5%2BvuM70NbPAJomyWqSUVUk6iuT0KmOOHc1dT2vyAhy1qFJHP%2B5bJslZymJFoQBi377qSc3hvaIjhbWzzSsuwNEh%2BkLIiRiKs0cBHJE5sSczxbPe8pU1SaN0LoNzMEiymwNsy%2BVvXdk%2Fg%3D%3D%22%7D
"Scorpion Exo-Combat Matte Black, Modular Motorcycle helmet, Combat, Covert, NEW", 209.95,https://www.ebay.com/itm/Scorpion-Exo-Combat-Matte-Black-Modular-Motorcycle-helmet-Combat-Covert-NEW/391750936106?epid=2100357140&hash=item5b362ce62a:m:mKfE-T_38nXAuH4EnmVROzQ&vxp=mtr
Scorpion Belfast Retro Open Face 3/4 Helmet Matte Metallic Blue X-Large Solid, 209.95,https://www.ebay.com/itm/Scorpion-Belfast-Retro-Open-Face-3-4-Helmet-Matte-Metallic-Blue-X-Large-Solid/232581602647?hash=item3626f19d57:g:WdgAAOSwAHBaIQ0r&vxp=mtr
Scorpion Belfast Retro Open Face 3/4 Helmet Matte Metallic Blue XX-Large Solid, 209.95,https://www.ebay.com/itm/Scorpion-Belfast-Retro-Open-Face-3-4-Helmet-Matte-Metallic-Blue-XX-Large-Solid/263355881728?hash=item3d513bd900:g:uq4AAOSwsFpaIQ06&vxp=mtr
FLY STREET - CONQUEST Full-Face Motorcycle Helmet (Flat Black) 2XL (2X-Large), 224.96,https://www.ebay.com/itm/FLY-STREET-CONQUEST-Full-Face-Motorcycle-Helmet-Flat-Black-2XL-2X-Large/272970664422?hash=item3f8e51c9e6:g:xWkAAOSw5dlaJ1oa&vxp=mtr
Modular Helmet With Electric Shield Flip Up GMAX Md04 Snow Street Helmet Black M, 229.95,https://pulsar.ebay.com/plsr/clk/0/SADS/9?pld=%7B%22mecs%22%3A%2230254007033328c24b4176eb4ea9933aa42e8858f3ea%22%2C%22enc%22%3A%22AQACAAACoECrdTMMjTK3cnadl0AMuL3rY0GubCJiq8ZfLvL7l%2BACHMoQIgjVWMTyy6elgdI3nhj3bEyExc439rynAnEfGeMI05H7ppUgX%2Bxmgm07ZAc5EEELNH3fHoLh%2Fv2BB2UOKfl3qmEnIl%2Fi5sH1MtYlFWCAkDmA4xzqKXyXS7ZVGMSNT%2B3t4Tm0LfVfSE974dWyXVSvcqWi2XBH%2BtLWMxAfepVUsHKznyZWKzSQ4mRSl4SHbUwjP0vm09yLwfukhrEJtdQibFiuDM%2BihHKBszZoFTcxlQQKFc0YzSmz6kBp2BDZDr%2FL%2B1AyD%2BpBADdt9mIL%2FojnVMM2V%2FhAfwW59QNxyRG222yLcuv7e%2FA1UkjUThFqZM4DPSFNN%2F31QaeJJm49NFR02%2B7EGWRbV1s0lC%2BP0cu7g6rL%2B%2FESpSkni3hY1Ex%2Bn%2BflVIfnUEMe0IA2KRCvdih2TR4xbZyGuZn028ZeNCNO3xrrvS76%2Fgcrs7IVYvs%2FBk0PJmFyS3o8AZ7dCtluk17JLTfHzqxvGljY0xK2GIBibMg9pfRbTDGuRxplYlV0Ykp%2B%2FeKND6q3zpdZ2Q1IydoWx0UPgxbsTBgiPgjoYQOgwaddaWn3exd7gY0mznFUM%2FFsGKyuGGjsiWiuaZBO0lTuR5xYzqmizWS6LnagPfuwcAjHA%2FHBc73NGDJFiEOyvvSAkEqrvaevrzx4KAn5N8iOIvmm6OnH0ysHkLnFJJusdPkfp3XWye6HQX9Slhp6SS%2BKkhNum2UZ38Iw2OxonBy%2FUM5hxZY9I8ML2mXV8xiyvMmLHQBVZ49Lrm4ZiW%2BGblUFg3gZs%2BrXI%2Bu2sWWk0h4Oa%2BhFvJ6vEAyBDJFzv4MwAr9ZuQM1eu8xxm5qLB8FOWW28OYjN95Bah5Ikc%2BZpw%3D%3D%22%7D
AGV K3 SV SCUDETTO Full-Face Motorcycle Helmet (Matte Silver) L (Large), 239.95,https://www.ebay.com/itm/AGV-K3-SV-SCUDETTO-Full-Face-Motorcycle-Helmet-Matte-Silver-L-Large/272970657579?epid=1352505765&hash=item3f8e51af2b:g:52MAAOSwj99aJ1jR&vxp=mtr
AGV Adult Street Bike Full Face K-3 SV Bulega Helmet ML, 249.95,https://www.ebay.com/itm/AGV-Adult-Street-Bike-Full-Face-K-3-SV-Bulega-Helmet-ML/182926648704?epid=1090768632&hash=item2a97472580:g:3lAAAOSwzRlaGm7G&vxp=mtr
AGV Adult Street Bike Full Face K-3 SV Bulega Helmet Lg, 249.95,https://www.ebay.com/itm/AGV-Adult-Street-Bike-Full-Face-K-3-SV-Bulega-Helmet-Lg/182926648637?epid=1990807890&hash=item2a9747253d:g:4I0AAOSwldRaGm7B&vxp=mtr
MOTORBIKE FUNNY HEEDS CRAZY CRASH HELMET COVERS MOTORCYCLE COVER RED ELMO NEW, 26.64,https://www.ebay.com/itm/MOTORBIKE-FUNNY-HEEDS-CRAZY-CRASH-HELMET-COVERS-MOTORCYCLE-COVER-RED-ELMO-NEW/321966056859?epid=1187942278&hash=item4af6ac259b:g:nXEAAOSw3ydVy7yl&vxp=mtr
AGV Full Face Adult K-3 SV Misano Helmet Misano XL, 269.95,https://www.ebay.com/itm/AGV-Full-Face-Adult-K-3-SV-Misano-Helmet-Misano-XL/182929437997?epid=27008073743&hash=item2a9771b52d:g:AEUAAOSwrhhaG7Kn&vxp=mtr
New Bell Moto 9 Intake Matte Black Adult Large Mx Motocross Helmet, 299.00,https://www.ebay.com/itm/New-Bell-Moto-9-Intake-Matte-Black-Adult-Large-Mx-Motocross-Helmet/253298646161?hash=item3af9c69c91:g:moYAAOSwnTdaKHwW&vxp=mtr
Motorcycle Helmet Fly Racing F2 Carbon Rewire Off Road Helmet Dirt Bike, 329.95,https://pulsar.ebay.com/plsr/clk/0/SADS/9?pld=%7B%22mecs%22%3A%223024872013259032d0ca9a6f489d9a2c64778a59e032%22%2C%22enc%22%3A%22AQACAAACoECrdTMMjTK3cnadl0AMuL2Pj7Ou9JG5R%2BIsvVn%2BqwxqYXQMOA%2FtEEZgYjnEr95J%2BlSx7JroTGZ%2BJlbmPTa6lHm60JIOCRRNjBFgK2O2xPdsRf%2Fe2zlQT7M8sij6DH5FeB3XNCRE95KWuzNlCPcivL1xH78a9z3xn11iqbp72g1dIUBT%2B8b%2F7dxnqMOwASbI4oUlsbVJvGnsRPUIQ3dmwjKpxVpe89Gn4VU%2BpBujFYzwrczKaxy7Py3fs5uh7eTYGRThNgdXexQ8kqBC19hgYheC4wBNP2Lqe3qIaFdoKPUvh%2Fi5BzJmR%2F9NdmeSyjVFDqV%2Bp6k6klak6mO9O8E4qMO10T3yePwM2sA7zsDbtANRIxKzKIuK6ViloAok%2FWL6BF6GgQUVeI5uBGykSF6tAGvL%2BtVJVz0hN9qNP2qdLw2dCmNAhIPMJnwHOXGrWatftF9I%2BtZSdxXCrjiSKkJDgtyzf6%2BEuTjRH2K1dW3hhA3w8ttjWVmzTUuRSzm3A1UK2n04nYvtTgOXn4ihIVkeh4duIvDOzrRVt0gQzLV3zURK%2BNPPzAca7lwHvz4N0w7F5TdnS%2BJT%2F3geYz0JMhnKFHZRk6dbhW0rR%2B2FIJ27Md%2FxjQoGvlaaHoeet9cDz9i9lnw7St1pUBuGlEo3AsuVjaC5bOFqV2TTCzBK2wulaNV4UG%2FmPzgbEkLVtNsQwbUPOsxZio%2FLWBblQgws5%2BaMzEuIFVvpp%2BQU6qRpIQjOvS9FhwRNCXgp8Nm2NFs8%2FRLfWK5Mu4lH%2BDnX%2FYkhsHZpvyrGgh31OjlBLCeK%2Fsa4IDP5CRrXlytEMUA0nwJQJU3qnR8cmqGyszWLe273nvcXYY8NLMy2Qqw%2BC8YtMbbJ9U5TWjf6l9lYt6Syf360epcIFg%3D%3D%22%7D
Motorcycle Helmet Wireless LED Safety Brake Stop & Turn Signal Light Indicators, 35.85,https://www.ebay.com/itm/Motorcycle-Helmet-Wireless-LED-Safety-Brake-Stop-Turn-Signal-Light-Indicators/362152919225?hash=item5451ff00b9:g:TzwAAOSwk1haAqWq&vxp=mtr
AGV AX-8 EVO Naked Full-Face Motorcycle Helmet (Flat Black) M (Medium), 379.95,https://www.ebay.com/itm/AGV-AX-8-EVO-Naked-Full-Face-Motorcycle-Helmet-Flat-Black-M-Medium/272970657871?epid=1252622877&hash=item3f8e51b04f:g:4w0AAOSw~HBaJ1jZ&vxp=mtr
AGV K5 S Full-Face Motorcycle Helmet (Matte Black) 2XL (2X-Large), 399.95,https://www.ebay.com/itm/AGV-K5-S-Full-Face-Motorcycle-Helmet-Matte-Black-2XL-2X-Large/272970657343?epid=1895009055&hash=item3f8e51ae3f:g:s1IAAOSwe6FaJ1jI&vxp=mtr
AGV K5 S Full-Face Motorcycle Helmet (Matte Black) XL (X-Large), 399.95,https://www.ebay.com/itm/AGV-K5-S-Full-Face-Motorcycle-Helmet-Matte-Black-XL-X-Large/282761715815?epid=1195252429&hash=item41d5e96067:g:wXgAAOSwi8xaJ1jH&vxp=mtr
AGV K5 STORM Full-Face Motorcycle Helmet (Black/Yellow) XL (X-Large), 449.95,https://www.ebay.com/itm/AGV-K5-STORM-Full-Face-Motorcycle-Helmet-Black-Yellow-XL-X-Large/282761715823?epid=2059506350&hash=item41d5e9606f:g:ATkAAOSwKQ9aJ1jH&vxp=mtr
Helmet Full-Face Arai Rebel White - XS, 466.87,https://www.ebay.com/itm/Helmet-Full-Face-Arai-Rebel-White-XS/192388199097?hash=item2ccb3af2b9:g:KyAAAOSwO7haJ3-e&vxp=mtr
Helmet Full-Face Arai Tour-X 4 Frost Black - L, 517.78,https://www.ebay.com/itm/Helmet-Full-Face-Arai-Tour-X-4-Frost-Black-L/202137684537?hash=item2f10584a39:g:tCMAAOSwyYFaJ3-Z&vxp=mtr
Helmet Full-Face Arai Tour-X 4 White - M, 520.13,https://www.ebay.com/itm/Helmet-Full-Face-Arai-Tour-X-4-White-M/202139016943?hash=item2f106c9eef:g:X~UAAOSwI8laKOMY&vxp=mtr
Helmet Full-Face Arai Tour-X 4 White - L, 520.13,https://www.ebay.com/itm/Helmet-Full-Face-Arai-Tour-X-4-White-L/202139016960?hash=item2f106c9f00:g:n4cAAOSwWCZaKOMa&vxp=mtr
Helmet Full-Face Arai Tour-X 4 Frost Black - S, 520.13,https://www.ebay.com/itm/Helmet-Full-Face-Arai-Tour-X-4-Frost-Black-S/202139016975?hash=item2f106c9f0f:g:5UQAAOSw4PxaKOMb&vxp=mtr
Gorgeous Silver Predator Motorcycle DOT Helmet Biker Laser Size S-XXL Open Visor, 540.55,https://pulsar.ebay.com/plsr/clk/0/SADS/9?pld=%7B%22mecs%22%3A%2228266004412717244a0d753b4327a27e13a16401fc30%22%2C%22enc%22%3A%22AQACAAACoECrdTMMjTK3cnadl0AMuL2rqRu0EwqB%2FuaDW1qU6ncRarfpRewyz7p03SofI2DpQiHMWEmmeISlTuNRqg60HO5E0VscGOTnzOLg6g%2Bt0ik7uW%2Bgrl%2FxoF9g4YXKU1zJrzsyGcXLyRLRQ8EHpcRzArz7nVk7oyC3MTeeHx9EsJzQck8xmmY8SJEfNXRD0v9IJrZeScJ5VjJTu32BLDov2WcxhCIE4aS0tYRbMqSW5xCm6%2BataznF1YDsr7ZsxtD9y9cz9s63L3FNhY9%2FKnEpFcqzKP8%2FaVllb39ZwSFteLwvuS6blyWuEjFjmLfzE8N2SE%2BnCLvJelK0bT6nx8i1U852fO4fyq7ZcbQplCZwE36qjflxtHirKThYQtsRxj2Pu7%2BUAMwJFSUW%2Basah4U7ezbT33o6EV%2BZq3FhnXnGfq0wgIpmhdEe5QsJZr8TIeeiA2X0tRm5scwlPe5QzgqZkIR8pWnzyK%2FkvQxSfvdTK%2FuKLaK2%2BdpFUic9U%2Fov%2FlGk%2FQJAXyCdx1zbi0MqPXoPI%2FMAyMTvTeXjeW%2BMZ5ilQkQATUfB%2F%2F%2FlvbjFMZzGFNzzw7Eft%2BE94IreDelXk1MB0szi3K%2FJH8HwnCpudMxECDbwpXzF7347qh7NYknCHjbmlB7J1bNfGfu6g%2Baz90P5i2OoPMJdCbrYDV7Dm%2FeVctskJtADJwuSYOP%2BCAVLCnUuTkUr04AkZ6xyIoOKB1grLioThfYnBzoSIr0S%2ByrDay5a35K1d0BGsE1I%2F4XDh4mG%2BkPtLZ5PfxcAiclAUfdwk%2FHFI9on%2FPLO8YXvb2gRECcDxWdQXubEcz6uF8kY4mFXULuqxT9fSsYvrv7ktS%2FuoTP8o9J5hfvsl0jPiCamYREZGwEgUA6Y443rPAiaT3BSGg%3D%3D%22%7D
Simpson M30 Bandit Carbon Helmet Motorcycle Helmet DOT Approved - All Sizes, 599.95,https://pulsar.ebay.com/plsr/clk/0/SADS/9?pld=%7B%22mecs%22%3A%2227249375210509f1e7f14e7d40609271ac0198db7df3%22%2C%22enc%22%3A%22AQACAAACoECrdTMMjTK3cnadl0AMuL0LiQQ9H2ATGuJVXEBthYNwRMUeOsdVq8iuIDolNCf8DcuP7qUFq5t%2BTvJlrxFhNkP1XUbTN2H516s2myb1VGMCUZJEareVpeLWMl0H0FJ1ikgLjrr%2FqDFSIdOigD1mC5tRSf5AIgDYvyJ0083ESdICPiQoKU35N0FjDgIsrg9ay3iwMonOXQ7CSTw4rOjZT87HV2EK113wjFC2CDmErOKoBFZBFQHeVQq7febkR1pXzFOGBK39Otv0E5lZBvPqkDsQ4YWkjs8LgtQ3gUQXXcOCSvrs2ds1Nk%2B9Go%2FQTJ60RAPkCBwYPuOi%2FY2jOhUu0WybIT5fbpYRh6yWp0Vw3q%2Fhd%2BWW0P%2FKZOkmIG38CG3jyVkhRPqSpc%2BYnFtKtCOBTW3j73qIc9yXmdzQM9TJpuLuZt3LSR8Aw9cI%2BH%2Fd7SjKiJSI4gvKdmeaQF98ET2X4MxPOrKg4%2BvvsHnwYNI3krVkve1RVsat3EFd%2Bi8VZFkiup4ylP0FOtlcHJhiWqLPKrIIUCSYaAhYBgic4sjVSo6q6AZPOGoj5T0HBGR3k9zr%2F9dBpQgzPs2A6hkCwwNWa6jqpY9Ir9g12fYnbm%2BSPQgYcPWysu3VWwyhJuF6aYHbN9xy2yJ4oKVUJbADBuQ5dPZYkE4cNKVhFZLg%2BPWr3CJIU5s3ru3nENOsY6iFLHvVRXjMYqx%2F4dX9jmAf6vMA7MhGjHT3NxM4qlqA0XyZkiA4nY7i2Bu0aKY0b5IK%2FmmjnHGD6nVajS8qgH0i3laJBVBTVevFKjY1AwEVC0fjh%2FBFqyKJO%2FEr02zOStKuE3gT00u2VAs51P0DOkoeNTQqmXA0RusCB7hoIM2j2RWK3t81d%2Fn%2B9FJVNWzeQNd%2BlXtSdw%3D%3D%22%7D
Helmet Full-Face Arai Tour-X 4 Vision White - S, 633.71,https://www.ebay.com/itm/Helmet-Full-Face-Arai-Tour-X-4-Vision-White-S/192389480812?hash=item2ccb4e816c:g:IywAAOSwU4FaKOMY&vxp=mtr
Arai VX-Pro 4 Boggle Helmet Motocross Helmet, 674.96,https://pulsar.ebay.com/plsr/clk/0/SADS/9?pld=%7B%22mecs%22%3A%223324758767285a48f75acb3e4f5398d47cde23f8fb9b%22%2C%22enc%22%3A%22AQACAAACgECrdTMMjTK3cnadl0AMuL0K5LzNldnwViTDwagoGkh%2ByffUjIRzbty8WSbENq9KOKjVS%2FD7yoy%2BwB1B75UxBxuLODdZs3bw1diRwd8XBvENDmi0b76xv5u7tuSMPesH4w7RPej8osRS8X2LWByc9rMc0MW92EVdPVyeWDp0CIuszPe%2F2AwrASeYl6VBePZPPwle3Asu2AlcQAkVHHCkGaVDxvUGrTvooDgBkJzoNa0fI0MKzGgPzoPgjyi9Et3gsblvaT5vtjI%2FwAhwEjwyXtcTlnNjIo8irbp0cyffec6pwm0unMkFtbw25E1z7pnP1Pb%2B51DwZfCJhCfR293%2FJG5LtM%2B%2BehyqOmiPO4Iw8WDbNXo%2Fp%2BDlCB%2F1w6sEAdiLYVq4144k1kWbFtJFNe2pRSpIbdDH2%2FnK0d62%2FD6AN4awIS6UyDgP%2BHUFryDDmlSmIYJ9FfmqJ56C2NyxDeFOmZoYqQbUR9Cly23ZnPC25qMx7367D2D3csdu%2BQPwqQFm4Y2nexIWTTvNdWaOHTCEwFEcyrct3An3IxCDGzuAIAe7qNW0ozK5DUyg3PRLhtkL4hrHeYFtg1qyKpOi0ufw6SBU6idcTiU4HHduIKqRyQg87DmlB1vQp9yXtFM58RShmwl6rAis3uN8wIQYPaGbfQHJcp2rNp5jMe%2BuD%2FslPr9v0Qi0WBZEPqze2faRzBl7C8GDiE2rXTtbfjGj1LQMcLtcSNZzad50FlRU1hEWehVCZUoNqrqWZknFP4L4O1LCofI6TfCrpPJ0wMA073XiHBoNRr9yoBIPvln2DWTRqLbS5Oesten8MEQw35VVfsVIS%2F1VjiMKm99hSaMIcmZmX5M%3D%22%7D
"*Ships Within 24 Hrs* Bell Custom 500 Open Face Motorcycle Helmet (Solid, Carbon", 69.95,https://www.ebay.com/itm/Ships-Within-24-Hrs-Bell-Custom-500-Open-Face-Motorcycle-Helmet-Solid-Carbon/261448694554?hash=item3cdf8e7b1a:m:mZZ8MybCyon1_TIpBZYPDKQ&vxp=mtr
Helmet Flip-UP Off-Road Schuberth E1 Guardian Red, 704.00,https://www.ebay.com/itm/Helmet-Flip-UP-Off-Road-Schuberth-E1-Guardian-Red/332430612856?epid=2105532026&hash=item4d66689978:m:mKDeBpX10sF8c30ALIqhaWg&vxp=mtr
Helmet Full-Face Arai Rx-7 V White - S, 723.01,https://www.ebay.com/itm/Helmet-Full-Face-Arai-Rx-7-V-White-S/202139017282?hash=item2f106ca042:g:XaEAAOSwEZdaKOMu&vxp=mtr
"Arai Quantum-X Sting Box Red Full Face Helmet, 2XL", 829.99,https://pulsar.ebay.com/plsr/clk/0/SADS/9?pld=%7B%22mecs%22%3A%22222650410184946122bb65ba4f1c8af4aa9e0ed7dd35%22%2C%22enc%22%3A%22AQACAAACgECrdTMMjTK3cnadl0AMuL1715zfg%2FprAwtwA%2Bcunnc7ox7psyWgv4wvw0CeaSq%2Btk2eblOXO8gLvDcadsrSyTDyU8p%2F4RHBBPiGeMmcY6wWAnAVhi0wWxeMViTb%2BJs10PBNlBFRM5ama1Ljjn3wBLeFcR25ar%2BmMl4b0PsuRcXdQJwCzgZEkTdpuQsFbuBipOIzut3abVH9Dk6kDueID%2Fq6QcmcsDRqY59x26mB2ayR%2FkBKNWO7%2Fl5Bg1xWFg%2FMWRs059M9NdjqnatyhYTbHsSZ0JbsdAnXvxwMoAh6pspUImE1Lz2ATuNcgZv6gFCrB0LbyipdL%2BMr29r0Nt2DR16N9G0fPTbnaghp0aUou6wGEbjc2ed5drKocNzuGG9QNNCAjIFQgYSX2FxQI5iO80G9FPvvBC%2BiEIcrunrbvM2ge8NCv3jSO79q0HeD6YabH1HdC17Q7Pfcul94c%2Bkpjo8v%2BDP36aUg1%2F2wlQWi5DENxfardlZHee8rsauk4GiLajxM0YMNYnvdal9hYjUHosBwWqJZ66n55VzKqeJVB5%2Bgp6RQ38y0TYTpA3Z%2F0TqTviblaEWe%2FzcBOzUv1w4lV2G9jpMDuJfGvvt7k9m4GdoIKnqRju3G9gRewLwcZ6eJ3TjSsu2tSUqZn1Z3MKdilplpdftRzLbTy2w541CJyk0DFr%2FDEPQ%2FatA%2Buq3v4pwWExoyT90LLBN8EGwdyccgTV1NwyHB%2F6ulJuB57BhsgketOzgwXoIKcmAk%2FITXD0yTJXdwy7SuFRs0yeDwiqoMqLe6qq%2BJiZ%2FqqnoRLkRAgJYpkCYD%2B31vAGGTM7ocV%2FUiE6HBpabfDv0yBcoa9IgWj8g%3D%22%7D
Arai Corsair V Disalvo Full Face Helmet Motorcycle Helmet, 836.99,https://pulsar.ebay.com/plsr/clk/0/SADS/9?pld=%7B%22mecs%22%3A%2237204054717215a03025f2f045d7a4e42f0804044873%22%2C%22enc%22%3A%22AQACAAACkECrdTMMjTK3cnadl0AMuL2k7%2BvH%2BEzAIPeOJBdZiZ%2FadK75iRm4QcsfVFegDShdwpTq2uX9%2BF03YctF0VWhhL0gQSpPY0igD5yX4nLj78qmrT9f1paSHoPeBICBeCe1NN9%2FR%2BpuuO%2F7RmWl1IAEQc9Q0la8KSC9YSnjzJP89UwEKv8kDvC07OaVVfBsTp8NTOAt96zo4Usu2bIDt6EzJCjbsI1jY7L2JsGXQ3%2Bkr24G3S9kh5PfvRsvzzfLvywpgH82XJB3IdEvcjavcILpcY0PbLkQXwhiC214wnHtDdkbQ24B0vZgt%2BWne97cSjlfpdkupc8pEvR4APq594Pf%2FCrE5hcYqrpxZO9hT4RsZbQN6NFZ4EVp6jBlCMy7i6aIyb%2Fyn6yhyYiQOFXUBxJrbETb%2BFV1K8RxDC7VRG1MiM0xpmI9RG1zt6%2FEYkGG7FreUVEwxJ0%2Fhl9UhgpOkAzPcBSp8sP1AlCwC0%2BMxCgZhgrMDhOswN9tD7RgL3ioIVW%2FzIVblRmurkppUVts767lpV8NbqDhPXgdzO8m1ZnDPHXnrrkfULH%2Bhfh5uBQe0AeXPTat8hvocSTkKI6RHXSt1isTzIaFIU20AjfgTUsR7CzKW0PGqwQHC4lvm0PvV2RLAYOoPujRSSpvKxrcQXe3VujfEkCY%2FNTaLY3iB95UjBXmtFwQHnNHh%2B6yKEx7xjY3ftY%2B42DYaZRlCYwdgp4HxIGwehinZImD7%2BP2n8NbjK4OsDrH06l8CMrrZOME7nZqerpWiuMBrGra7rqnV07hPC051I28VYhkrGYI1c849IGBTiXoOh96ptyJ9WRukS5qNuArjwYZ%2BUbRXryIDJGE4Hok6t7ggcz8fekr1b8pWPdR%22%7D
Arai Corsair X Giugliano Full Face Powersports Motorcycle Helmet, 979.95,https://pulsar.ebay.com/plsr/clk/0/SADS/9?pld=%7B%22mecs%22%3A%22182693838197bc4cc486af4e4c36be65324091f1e023%22%2C%22enc%22%3A%22AQACAAACkECrdTMMjTK3cnadl0AMuL3yxZvVUQQnUONUZpTdbxspA2NwLQHzzKfNXiAgcSCicROqkW0EEaGCVxhd1CeRs%2FOeCI86gNg6jrEzSIPQN4xjw2XoH0MaSBB63oM1cZgG8K3F3M1I6A1Aj5t2sT2Io1DzfiLASBTB6sYupJEnzaCvHRwaOy6n%2FSLdvGpyRcGfreqzT1USzPVzfC5Bc6G3O%2F8lT7r5cKE42qE3LUYX68K1N9ctWcxyDrITpYxduFkkfHVgrAL644zf1uPCCxiE6v%2BBehGR5jBAUT3bKGWIdr5tQkkcElADBoGTHUJ4sL6HNnSHciyrylegCydPjmY5GCfE7qCdHPurfdVa8fmZMCAJ6zBvIxfyHeUO8wW5eGVHZyYO6LnKwoi4d6zw4XlDvCTgiPp8Nec%2Fd%2Fqx1dpUaW6zaRtHzI2hVN7MGQF5Syj0v2dN1RxTPGxvFZGcUqURFrgtLtg2SDnLpSKmsBp8lnlkFfIFnwcyhFLJKodtodPBNpjOY2Wn7o9fL4c%2B7SVkUcyqH5e89pBJsDpZUy0qAbMPq0jNO88um2po9EmQJsQB3bb8VkLMJFOBG08yqddOILQzEkDmnZ%2BIsfArSV2LOnNGvVUX3LMXydq09hkd1JEcUI8%2BwC80hD3HEc9ex%2BbzqDeOUcEod8HkDLkCLfUSc%2FLf36uRaEbRmP%2FP4oE8%2FBXSJxYCM5dDUw17lp%2Fp9D0dknq8zp0KO9azAahCrgx1ZcyR3B4sRZqFm6%2FUyu2X6mk5dBMg31nvekb5%2Bh3ZnU9%2BdyvDgQ%2BsmZO6YsMSNBFvaPdzO%2BaEA2aMKWL64mfp6yT2ozUk7JOJ0bujWYLOkTbOvLBYIW1J672LtgX%2BMiECS8M4%22%7D
title,price ($),url
