Biltwell Inc. Gringo Solid Motorcycle Helmet Flat Black,10329.570999999998,https://www.ebay.com/itm/Biltwell-Inc-Gringo-Solid-Motorcycle-Helmet-Flat-Black/362161494857?hash=item545281db49:m:mtQEVBwgVBF3t95_i1v7L0w&vxp=mtr
BILTWELL GRINGO Retro Full-Face Motorcycle Helmet (Flat Black) XL (X-Large),10329.570999999998,https://www.ebay.com/itm/BILTWELL-GRINGO-Retro-Full-Face-Motorcycle-Helmet-Flat-Black-XL-X-Large/272970662809?hash=item3f8e51c399:g:B3gAAOSwzXxaJ1nT&vxp=mtr
BILTWELL Gringo Full Face Solid Color Helmets Adult XL Flat Titanium,10329.570999999998,https://www.ebay.com/itm/BILTWELL-Gringo-Full-Face-Solid-Color-Helmets-Adult-XL-Flat-Titanium/173012697320?hash=item28485c40e8:g:HxcAAOSwB3BaI3MG&vxp=mtr
BILTWELL GRINGO Retro Full-Face Motorcycle Helmet (Gloss Black) XL (X-Large),10329.570999999998,https://www.ebay.com/itm/BILTWELL-GRINGO-Retro-Full-Face-Motorcycle-Helmet-Gloss-Black-XL-X-Large/272970662825?hash=item3f8e51c3a9:g:9RUAAOSwVlVaJ1nU&vxp=mtr
Fly Street Winners Circle Helmet Blue/White XS,10330.2168,https://www.ebay.com/itm/Fly-Street-Winners-Circle-Helmet-Blue-White-XS/232581971384?hash=item3626f73db8:g:ywMAAOSwAC1aIW6Z&vxp=mtr
Fly Street 2018 SENTINEL Full-Face Helmet w/ Sun Shield (Matte Black) M (Medium),10459.3768,https://www.ebay.com/itm/Fly-Street-2018-SENTINEL-Full-Face-Helmet-w-Sun-Shield-Matte-Black-M-Medium/272970664597?epid=25007859437&hash=item3f8e51ca95:g:NzQAAOSwhqhaJ1oj&vxp=mtr
Fly Street 2018 SENTINEL Full-Face Helmet w/ Sun Shield (Matte Black) S (Small),10459.3768,https://www.ebay.com/itm/Fly-Street-2018-SENTINEL-Full-Face-Helmet-w-Sun-Shield-Matte-Black-S-Small/272970664510?epid=18007876721&hash=item3f8e51ca3e:g:YYcAAOSwCtJaJ1of&vxp=mtr
GMAX GM54S Modular Motorcycle Helmet (Black) XL (X-Large),10749.9868,https://www.ebay.com/itm/GMAX-GM54S-Modular-Motorcycle-Helmet-Black-XL-X-Large/282761664474?epid=657313673&hash=item41d5e897da:g:SIYAAOSwZlZaJ0oG&vxp=mtr
GMAX GM54S Modular Motorcycle Helmet (Flat Black) M (Medium),10749.9868,https://www.ebay.com/itm/GMAX-GM54S-Modular-Motorcycle-Helmet-Flat-Black-M-Medium/282761664477?epid=654972699&hash=item41d5e897dd:g:rgEAAOSwdjdaJ0oG&vxp=mtr
Fly Street 2018 SENTINEL Full-Face Helmet w/ Sun Shield (Grey/Red) 2XL,11040.5968,https://www.ebay.com/itm/Fly-Street-2018-SENTINEL-Full-Face-Helmet-w-Sun-Shield-Grey-Red-2XL/272970664367?epid=15007852344&hash=item3f8e51c9af:g:ieIAAOSwiBJaJ1oZ&vxp=mtr
Fly Street 2018 SENTINEL Full-Face Helmet w/ Sun Shield (Grey/White) M (Medium),11040.5968,https://www.ebay.com/itm/Fly-Street-2018-SENTINEL-Full-Face-Helmet-w-Sun-Shield-Grey-White-M-Medium/272970664595?hash=item3f8e51ca93:g:OOYAAOSwCMFaJ1oj&vxp=mtr
AGV K-3 SV Full-Face Motorcycle Helmet (SIMONCELLI) XL (X-Large),11474.5744,https://www.ebay.com/itm/AGV-K-3-SV-Full-Face-Motorcycle-Helmet-SIMONCELLI-XL-X-Large/272970657238?epid=1434540162&hash=item3f8e51add6:g:1vEAAOSwvD5aJ1jE&vxp=mtr
AGV K3 SV IMOLA 1998 Full-Face Motorcycle Helmet (White/Red/Gre en) XL (X-Large),11474.5744,https://www.ebay.com/itm/AGV-K3-SV-IMOLA-1998-Full-Face-Motorcycle-Helmet-White-Red-Green-XL-X-Large/272970657686?epid=1652824497&hash=item3f8e51af96:g:IqUAAOSwWHBaJ1jV&vxp=mtr
AGV K3 SV DREAMTIME Full-Face Motorcycle Helmet (Multi) XL (X-Large),11474.5744,https://www.ebay.com/itm/AGV-K3-SV-DREAMTIME-Full-Face-Motorcycle-Helmet-Multi-XL-X-Large/282761715996?epid=1152482828&hash=item41d5e9611c:g:JdUAAOSw1QpaJ1jN&vxp=mtr
AGV K3 SV DREAMTIME Full-Face Motorcycle Helmet (Multi) 2XL (2X-Large),11474.5744,https://www.ebay.com/itm/AGV-K3-SV-DREAMTIME-Full-Face-Motorcycle-Helmet-Multi-2XL-2X-Large/272970657533?epid=1252554213&hash=item3f8e51aefd:g:EvcAAOSwH-daJ1jP&vxp=mtr
*Fast Shipping* Bell Revolver Evo Modular Motorcycle Helmet,11621.170999999998,https://www.ebay.com/itm/Fast-Shipping-Bell-Revolver-Evo-Modular-Motorcycle-Helmet/251527315226?epid=1611838775&hash=item3a90323f1a:m:my0VQOU5LD9wLmMwl77Py9A&vxp=mtr
GMAX GM64 Modular Helmet (Flat Black) M (Medium),11621.8168,https://www.ebay.com/itm/GMAX-GM64-Modular-Helmet-Flat-Black-M-Medium/272970601938?epid=1039519342&hash=item3f8e50d5d2:g:lnwAAOSwYeRaJ0oE&vxp=mtr
GMAX GM64 Modular Helmet (Flat Black) L (Large),11621.8168,https://www.ebay.com/itm/GMAX-GM64-Modular-Helmet-Flat-Black-L-Large/272970601997?epid=655182491&hash=item3f8e50d60d:g:okoAAOSwn25aJ0oO&vxp=mtr
GMAX GM64 Modular Helmet (Black) 2XL (2X-Large),11621.8168,https://www.ebay.com/itm/GMAX-GM64-Modular-Helmet-Black-2XL-2X-Large/282761664468?epid=1139499511&hash=item41d5e897d4:g:dNsAAOSwDkVaJ0oH&vxp=mtr
ICON Airmada Full Face Motorcycle Helmet Solid Gloss (White) XS / X-Small,11624.4,https://www.ebay.com/itm/ICON-Airmada-Full-Face-Motorcycle-Helmet-Solid-Gloss-White-XS-X-Small/272970617961?epid=1811824089&hash=item3f8e511469:g:4csAAOSwLdBaJ0~C&vxp=mtr
BILTWELL GRINGO Retro Full-Face Helmet (Tracker Vintage White/Black) M (Medium),12266.971,https://www.ebay.com/itm/BILTWELL-GRINGO-Retro-Full-Face-Helmet-Tracker-Vintage-White-Black-M-Medium/272970662742?hash=item3f8e51c356:g:XkUAAOSwmphaJ1nS&vxp=mtr
"*Ships Same Day* Bell Rogue Motorcycle Helmet (Matte Black, Ghost Recon, Arc..)",12912.770999999999,https://www.ebay.com/itm/Ships-Same-Day-Bell-Rogue-Motorcycle-Helmet-Matte-Black-Ghost-Recon-Arc/281909846028?epid=1111819644&hash=item41a322e00c:m:maygKbnm0zcdYDYKHHrY1OQ&vxp=mtr
AGV K-3 SV Full-Face Motorcycle Helmet (Matte/Flat Black) XL (X-Large),12912.770999999999,https://www.ebay.com/itm/AGV-K-3-SV-Full-Face-Motorcycle-Helmet-Matte-Flat-Black-XL-X-Large/282761654375?epid=1734593634&hash=item41d5e87067:g:jFMAAOSwkLhaJ0bi&vxp=mtr
AGV K-3 SV Full-Face Motorcycle Helmet (Black) S (Small),12912.770999999999,https://www.ebay.com/itm/AGV-K-3-SV-Full-Face-Motorcycle-Helmet-Black-S-Small/282761654582?epid=1134532960&hash=item41d5e87136:g:5hgAAOSwvApaJ0br&vxp=mtr
AGV K-3 SV Full-Face Motorcycle Helmet (Matte/Flat Black) MS (Medium-Small),12912.770999999999,https://www.ebay.com/itm/AGV-K-3-SV-Full-Face-Motorcycle-Helmet-Matte-Flat-Black-MS-Medium-Small/282761654586?epid=1137651784&hash=item41d5e8713a:g:uk0AAOSwP4FaJ0br&vxp=mtr
AGV K-3 SV Full-Face Motorcycle Helmet (Black) XS (X-Small),12912.770999999999,https://www.ebay.com/itm/AGV-K-3-SV-Full-Face-Motorcycle-Helmet-Black-XS-X-Small/292359386586?epid=1638549957&hash=item4411fa35da:g:6Q4AAOSwySVaJ0bo&vxp=mtr
Biltwell Inc. Gringo S Solid Motorcycle Helmet Gloss Agave Blue,12912.770999999999,https://www.ebay.com/itm/Biltwell-Inc-Gringo-S-Solid-Motorcycle-Helmet-Gloss-Agave-Blue/362162231164?hash=item54528d177c:m:myQPBnn265dHKWMmJQhZxYA&vxp=mtr
"Scorpion Exo-Combat Matte Black, Modular Motorcycle helmet, Combat, Covert, NEW",13558.570999999998,https://www.ebay.com/itm/Scorpion-Exo-Combat-Matte-Black-Modular-Motorcycle-helmet-Combat-Covert-NEW/391750936106?epid=2100357140&hash=item5b362ce62a:m:mKfE-T_38nXAuH4EnmVROzQ&vxp=mtr
"Full Face Motorcycle Helmet Scorpion Exo-R710 Transect Red, Silver & Hi Viz",13558.570999999998,https://pulsar.ebay.com/plsr/clk/0/SADS/9?pld=%7B%22mecs%22%3A%2230253684123894d16b57f859440393f0524f404d7ff4%22%2C%22enc%22%3A%22AQACAAACoECrdTMMjTK3cnadl0AMuL3hbmnlPFqFPhrZY3LroZsZ5Ud4jZDl7jUSf%2BcZsTsIK6M2CTNM9JxJkrWPWCTpDJklqotWCIFaL%2BT4%2Ba2bXCDQl3HW5%2BiC6LubBfnzP3cyG9N8bJhBjbnDG1YtYgB3v%2Fpjoj1CP5LlsaQoVOYbWelUuWs19J8cklGFIpy%2F5IQVCzqpIqNti%2B7lc4LljGot3gzhi2Z47ZxHuidRoQAj%2BgFGaNaQgv92x1Deqjw9TECcx%2FPcg0gbRJ%2Bwd3FraqGzViUUmm%2BHJp56wmEXjdfZfrOvYeUdq5njk%2FYHRs%2FE2IHtKqwkyu%2FBbOonKGGxY34CHL%2BSIpY4T5R6AmtppphKrLjA1vElG8IHRKpsD5xZYxFR4esOgRb0LR6%2BJrKtwtn7jNJeaAzLWGM6HLj8TPfWGlJjlspof0mN7ScF5nPxDlWOEo4KCFz4xSt1K4o1Nx3vX1T6goWR9xV3kmTSgz4tePhPKoPSx20ShCCbucNQdu09nY1Gq1gdc0P0sAvwhsOCD4nAt54P47PrCRQdB3QTUV1FothJIirQv%2FN16NNlPs5pBRz9HGAltSPwjqfX%2Bm9v%2Be0aaqs6ZnYuymvwUk12Qh%2FDS7xypqprTmReqzGizNAetNT4PYMIv7ZM4g9SH9osOdRPPsHjyj8Ujndm9DxWoGFQYOMkl%2FgYBflXOjWlzTbL%2FrGKPaZoz78OdcKgo6LbQLXmI3eFNaKwKSIun5AUY2HQKQNgpkXkvLWQ1yNMdPsRsvCsjG2prwZb1kVpXTZae62rLQZY9fU607JaokMoUDxaiAyf140bP1HLEZ0kgAY0aeS%2FUXx76ucGLH81UQwwEsMH94elGBMHrB9LZKLYQ2Qpbs8iFxR9g6ZcLGmzJKEFnQ%3D%3D%22%7D
FLY STREET - CONQUEST Full-Face Motorcycle Helmet (Flat Black) 2XL (2X-Large),14527.9168,https://www.ebay.com/itm/FLY-STREET-CONQUEST-Full-Face-Motorcycle-Helmet-Flat-Black-2XL-2X-Large/272970664422?hash=item3f8e51c9e6:g:xWkAAOSw5dlaJ1oa&vxp=mtr
AGV K3 SV SCUDETTO Full-Face Motorcycle Helmet (Matte Silver) L (Large),15495.971,https://www.ebay.com/itm/AGV-K3-SV-SCUDETTO-Full-Face-Motorcycle-Helmet-Matte-Silver-L-Large/272970657579?epid=1352505765&hash=item3f8e51af2b:g:52MAAOSwj99aJ1jR&vxp=mtr
AGV K3 SV MYTH Full-Face Motorcycle Helmet (Black/Red) S (Small),15495.971,https://www.ebay.com/itm/AGV-K3-SV-MYTH-Full-Face-Motorcycle-Helmet-Black-Red-S-Small/282761715799?epid=1553915475&hash=item41d5e96057:g:s5IAAOSw9idaJ1jF&vxp=mtr
AGV K3 SV MARINI Full-Face Motorcycle Helmet (MARINI) XL (X-Large),16141.770999999999,https://www.ebay.com/itm/AGV-K3-SV-MARINI-Full-Face-Motorcycle-Helmet-MARINI-XL-X-Large/272970657757?epid=1090772560&hash=item3f8e51afdd:g:Z5YAAOSwa3BaJ1jY&vxp=mtr
AGV K3 SV 5-Continents Full-Face Motorcycle Helmet (Multi) XL (X-Large),16787.571,https://www.ebay.com/itm/AGV-K3-SV-5-Continents-Full-Face-Motorcycle-Helmet-Multi-XL-X-Large/272970657458?epid=1052514420&hash=item3f8e51aeb2:g:It4AAOSw56NaJ1jM&vxp=mtr
MOTORBIKE FUNNY HEEDS CRAZY CRASH HELMET COVERS MOTORCYCLE COVER RED ELMO NEW,1720.4112,https://www.ebay.com/itm/MOTORBIKE-FUNNY-HEEDS-CRAZY-CRASH-HELMET-COVERS-MOTORCYCLE-COVER-RED-ELMO-NEW/321966056859?epid=1187942278&hash=item4af6ac259b:g:nXEAAOSw3ydVy7yl&vxp=mtr
AGV K5 S HURRICANE Full-Face Motorcycle Helmet (Black/Red) ML (Medium-Large),17242.2142,https://www.ebay.com/itm/AGV-K5-S-HURRICANE-Full-Face-Motorcycle-Helmet-Black-Red-ML-Medium-Large/282761715925?epid=2058972706&hash=item41d5e960d5:g:s9AAAOSwBkRaJ1jK&vxp=mtr
AGV K5 S HURRICANE Full-Face Motorcycle Helmet (Black/Red) 2XL (2X-Large),17242.2142,https://www.ebay.com/itm/AGV-K5-S-HURRICANE-Full-Face-Motorcycle-Helmet-Black-Red-2XL-2X-Large/282761716029?epid=1395091870&hash=item41d5e9613d:g:iU4AAOSwGPxaJ1jO&vxp=mtr
Motorcycle Helmet Full Open Face Dual Visor Modular Flip Up Sun Shield 4 Sizes,2259.6542,https://www.ebay.com/itm/Motorcycle-Helmet-Full-Open-Face-Dual-Visor-Modular-Flip-Up-Sun-Shield-4-Sizes/142457281902?hash=item212b1d9d6e:m:mVhaP_IWylmw-LMiVHl4RjQ&vxp=mtr
Motorcycle Helmet Wireless LED Safety Brake Stop & Turn Signal Light Indicators,2315.193,https://www.ebay.com/itm/Motorcycle-Helmet-Wireless-LED-Safety-Brake-Stop-Turn-Signal-Light-Indicators/362152919225?hash=item5451ff00b9:g:TzwAAOSwk1haAqWq&vxp=mtr
AGV AX-8 EVO Naked Full-Face Motorcycle Helmet (Flat Black) M (Medium),24537.171,https://www.ebay.com/itm/AGV-AX-8-EVO-Naked-Full-Face-Motorcycle-Helmet-Flat-Black-M-Medium/272970657871?epid=1252622877&hash=item3f8e51b04f:g:4w0AAOSw~HBaJ1jZ&vxp=mtr
AGV K5 S Full-Face Motorcycle Helmet (Matte Black) 2XL (2X-Large),25828.770999999997,https://www.ebay.com/itm/AGV-K5-S-Full-Face-Motorcycle-Helmet-Matte-Black-2XL-2X-Large/272970657343?epid=1895009055&hash=item3f8e51ae3f:g:s1IAAOSwe6FaJ1jI&vxp=mtr
Icon Airframe Pro Deployed Full Face Motorcycle Helmet - Choose Size,25832.0,https://pulsar.ebay.com/plsr/clk/0/SADS/9?pld=%7B%22mecs%22%3A%22262803338044e6a464b71c3c468a99d9d4e42053f970%22%2C%22enc%22%3A%22AQACAAACkECrdTMMjTK3cnadl0AMuL3hSQb7vRBoDnnuodayBisyFm9dM6tppICIiN7fXWIPqfc1mynnk9KBX61PCyELbxL8VRPSasuAAlAwZZCK9DSb7Mu2mNuhrhnyNjKmZCZxJe4pXMQRmhikndRz2Ssr8AVR89Yx5dqMmSuqaBDWS%2Bgn4x4lL9bnXQ64Q%2F637l4XVvcU1MKdAWAqaaOdAO1ph1Wv96q8lUHGullhvVymZYkx%2FgfQD5UDliiwhzED1y3xsGKOfrtJfzyQ2xupdtOJaKeeZROegvD7wyAUJbOLABX1aPz1XIY%2B6bJiIdavojcVb%2B6X8nWH5ykBoEho%2BxVRmSkQLUdUbAw2eVNsx0t%2F5jVJ8D%2BkAW5B92TPGKmUZiItJZJOtH8AL3ZXMUtCLwgjBzX7F%2Fp8s6B0HiFmNIOSEiQf76JrU6Xv0JCOrbcVMdSTJkcSTwVpMFDbYdLhd4zlwJhbJoOAQ4Xob%2BgqKKwX3TWkagSt%2FBTmSc561IRfned1v4Blwy2NKhQpw0ueRaSAgtWrIRqYgCiuPXltmI8fGJ%2FxwDKRD8EWJbVx9qbRxH1keFr5TGBhipS7Ty%2BY1Dxe7aZh1RSRT5I%2Ffxgq%2FfnU%2FGZCnPv2PkINO%2F86OKotur%2BsVtors0OwNwDStPgtrtABbrg0jEXBMI%2B%2FI1q2gZyqT1fkcwipB3R6c7066huPv%2F2LOaHTsqCFszNnf653t%2F3YDn9OBy6dItonzQZ9odWXr3JI6y54M6j4NA%2Fqm4ko5co71Gsu%2FAIvDOUxUrbzIe9%2F2qO1uDTKb08W9dar3Plf2ZMfof2CxN7SQbE6GZQwBS395%2F57ZvZGfi%2FzZeKgAZWE885IVBxijVUmh47arNvvWcnp%22%7D
AGV AX-8 Dual Sport Evo Full-Face Motorcycle Helmet (Green/White) L (Large),27766.171,https://www.ebay.com/itm/AGV-AX-8-Dual-Sport-Evo-Full-Face-Motorcycle-Helmet-Green-White-L-Large/282761716631?epid=1195708685&hash=item41d5e96397:g:Y6QAAOSwXPNaJ1jh&vxp=mtr
AGV K5 STORM Full-Face Motorcycle Helmet (Black/Yellow) XL (X-Large),29057.770999999997,https://www.ebay.com/itm/AGV-K5-STORM-Full-Face-Motorcycle-Helmet-Black-Yellow-XL-X-Large/282761715823?epid=2059506350&hash=item41d5e9606f:g:ATkAAOSwKQ9aJ1jH&vxp=mtr
Arai RX-Q Electric Full Face Helmet Motorcycle Helmet,32288.0626,https://pulsar.ebay.com/plsr/clk/0/SADS/9?pld=%7B%22mecs%22%3A%223229284778767dd7d3cecc994338bfc9a43f3a97e3e3%22%2C%22enc%22%3A%22AQACAAACgECrdTMMjTK3cnadl0AMuL1QY1Fw6v5lUWNa0NCCbQnwxOZzJhVO1blIeqUQZGi63mgMLP9RffnCkW39S%2B6hY1SAhzZ19HwIYzDftYqqoSu6u2iuHmdUWhyi3Ruz105psC7ET1EjzggOI%2FbJK0kAWFTX5XssNAHf3EM1tBFoHfXzrfOUtZ%2FcT%2BJtKNa3%2FzLwN%2Bc5ebGTgx73b1v8bwgHoqa4PHM%2BLhRtGbuu2imWG%2FeG2etlBPdDHc39U4JmFKZXmvCZXXqCmwz1qP2vISiHXl4gXLuFjUmZv98CiN7opk6LVN1p9LdDthFpWSLWG4A1EFOmuyK81emJmu5ZIcrfibTevxyS8OBID3yYhOH0WQ%2FyV%2F%2FK%2Bw9glfc4suBI%2BsebLOfE5DsGHxiCIsDeI6EF4t%2BGfR6JSjN9krx7uzBX45KM1HnKeCR4Ir%2B%2Fg7IoRsunRDKGqW181ctkVhC0L9lKahAUUcaQ1Snd%2FFBguFQ9tGDPaa2ZeiGskit8Cc6qgviyYiqBst%2FFZ6FIYhXz%2F8kpqA3UjbJ5b139pNlHz9YCjkhkj1mZuFtLDG8TDUyf3K%2FdTNSxkm%2Fkm9i5Frt9t2PMslKahJ50p3SdZe3hzhEHdUPEUVSTomKOltAV485USiAsdG3K62Pvz8H0hA9NgrzVZ1ShpmOJoqkPvJjrtrAi2BmrpiKbOQMM%2BbCdnuX4jvvMJxfZw5%2BE2vzuCXnNBzTspVjZN9cERvicCm%2FwRvgtYQCJhEDmOmMFc52zlcBqOzZEDwVmqw2l07yhoZe6gGd8Dx8y6y5IG69BGUyzMdvUW%2FzaOgkvdJUc%2B7GZpD2q7czlu3uLIat3BEZV8DI0bLEj5Qo%3D%22%7D
Gorgeous Silver Predator Motorcycle DOT Helmet Biker Laser Size S-XXL Open Visor,34908.719,https://pulsar.ebay.com/plsr/clk/0/SADS/9?pld=%7B%22mecs%22%3A%22282660044127aa3b509cad644e85aebe617fd75d3059%22%2C%22enc%22%3A%22AQACAAACoECrdTMMjTK3cnadl0AMuL2rqRu0EwqB%2FuaDW1qU6ncRarfpRewyz7p03SofI2DpQiHMWEmmeISlTuNRqg60HO5E0VscGOTnzOLg6g%2Bt0ik7uW%2Bgrl%2FxoF9g4YXKU1zJrzsyGcXLyRLRQ8EHpcRzArz7nVk7oyC3MTeeHx9EsJzQw%2FXv6aOOVuzwrBFRhfb0dJ5MnP0oC9Reum%2BAwePKriWAIWPo6PgififaA8Ya4j08X3vt1J7meTfu9VXZZJZXCpK0OPRbLQP5n%2FcpyjN7hQbBsRiqhGGFfub9JvudAmnuRFr6rw9lGaQkhq8a0cZfMXJ%2FrVSoORu5B3e0A2Q1V7Nbx4NIXyK2IDkfakC5ejIi0fpW%2BLdkYwq6RYhJ4AvqyCMhxB7hbwLRl%2FeNMvYCTUqX2Dbf5wnv9ZcoHXiCyrsTGcT9A9oiKMCUdkUYlHQ4FOs%2FdLd7IqETrixu0GuTWAvZ7m2NHmwMeQ%2BQMMHZex0M2wi%2FB0r5JBHFvaEKFNDv1V5rmj%2BVSjgNRFzYcoNtzlqD4Z6Uqzg%2BzCcYAc%2F%2BLmWZppqJLcMzewa58b0ry88JQxIDSvVMQshlpW5VPbzOy4FYKFG3t5wiYmwWTvjjScyb4gPzNY7ozQrpvv%2F3Y35Cj7MfbovYOhcnZ0e5iPbNL9yV7n5z%2FUF9ngJMJv2t50XSM3VTW2lMcn4g3beZlG02nrn4S8usNcoe67knR3iEzRV%2BsnIaKjeMWNFshGdcL1glzbHlymNEWCNiZIql72zMkjRTpBS6G4JG0rNkO0p0eHqZEIsxhfyiBqoInfbu%2F%2ByG0mEHaV9cYg4ADSvI1QLA5LhlvB%2FmqpF49Gp9Z89UU9ezL4ubhZfGFq3xk3fh%2ByBk3h8r8xxvjMXEwYCx4QmTDg%3D%3D%22%7D
Arai Signet-Q Full Face Helmet Motorcycle Helmet,37197.434199999996,https://pulsar.ebay.com/plsr/clk/0/SADS/9?pld=%7B%22mecs%22%3A%223324788345861d15a1d034e540628a43231a3975e315%22%2C%22enc%22%3A%22AQACAAACgECrdTMMjTK3cnadl0AMuL2KDDkbOUg4rLz797VChj3BCQsAfqB7VUIbFPodUpKKM%2FZTMjijhiQaofZKrz1DdxPbPPLQW528duYXIHP7Mzr2snniKFo%2FH%2BglLFJo1DaxUcrHdbHTxDfP79lXHuvAJUnno7KgBPqnTuN0slwqskZzug%2BPmdfSdLNn7JXZ1WY4mwR7meVh7I%2F0sPc9GXjF03hyFgxjUROxfGQ7r8%2BeReNgYNaxqZNEw0LwwOwdUBm1HA5XZCRX6WFchd%2BQcmNtQ711ZcATUciJron9hxD0WMPH9PLaVnzpNfMcvRzw%2BCkMAp%2BI7NJDkGZXK8Oddzd60tRHqMSgVKpDdfzl2qj4HroEGksou%2F8rV5BlXXCC9AS4oFCHmkwmPyaGFx8s9NZkw%2FIqfGc0F1H24FNvv%2B9IQxV1HjijhbA54ck0aMZfnp%2B4N35q5b4uEwM0DlX4dHyXPVuGPB6oiIcl7IVwEVEe82q3cgwRZzNi3Et6PvFHKrzCY39VLEGo2PtTKX%2FJ%2FTwQ9Wpate%2BCnLf1KfHU3y18yGZumz1Xr7jByqo%2FXn6ylTZ3z0oDqPL1AgunkMRydpRF76%2FuJS4ySmha%2F4e9orzqLhaLOedF%2FXRJdgG6aPF3S8oTBitxDDRXVx%2FhyvM1GltxnTjjzYK1AHU7dTN7MT%2BNmSpQkgigsMroQzxUzFZckNIFlWlpEJZj9jQf2I7I7OFKEFXfo20uFmdDnqyQkwq336np2BvmlBSeNqTvimuQ9ZG9BT43kh%2BRYTL6xwDCvZNWchwpzDDjve1iRbLILhlxtROr8v%2FswQVhwbzVOVphkw4ph1LaB1ms4ibViYEr%2BTgntwg%3D%22%7D
Simpson M30 Bandit Carbon Helmet Motorcycle Helmet DOT Approved - All Sizes,38744.771,https://pulsar.ebay.com/plsr/clk/0/SADS/9?pld=%7B%22mecs%22%3A%22272493752105f7a52ec4c5094f0ba164989505d279de%22%2C%22enc%22%3A%22AQACAAACoECrdTMMjTK3cnadl0AMuL0LiQQ9H2ATGuJVXEBthYNwRMUeOsdVq8iuIDolNCf8DcuP7qUFq5t%2BTvJlrxFhNkP1XUbTN2H516s2myb1VGMCUZJEareVpeLWMl0H0FJ1ikgLjrr%2FqDFSIdOigD1mC5tRSf5AIgDYvyJ0083ESdICRuP%2BTU0swz8nFlynLE%2BeFvCJl5BYYCeeb9yWFiEvDvrMZFTFHAvZKOLOSwQ5Qam9UQ13qg7jBPjhoqAdfZDLbh2ZPqfX%2FMTJIdjdUuAK4AeYCZ1EWcYYUtPOmjZ8qzYpvVO011tpaECRW1pEoXbJ5H13INPdtuNBlUSxi4kkX7csl5axdjVbrLcNh%2BUAHeKfLZWCveRBEe792nK9ispxXBOHXaofiGzD7qfJuKrbUdQJDm0V6P5ibH%2BtCIxlPi7SU3sik0x60mI31agaxxNzRmIcoD7TSkwucd97HCmwLF41SUBLC%2F3AJOvQZylj6hzAWa1eL2fEianXNTWrE7qya1brXcXoMDy57TQUrxZ7ab6X%2Fw6cznErrKZ3UZTTupVXDhZiUo5uTyBq3z7M3P9oIRufiY5LHrhZ1asBWDWCL81%2B3J6Zj6I6PpmpvB%2BZNsOehcbom4IIX%2BMjgXnrLkXcTjetD%2B0vCh7Bz0NBYKTQhLgQx4tPv3PbinukbJJQqP1YxN5m%2FdW0FmE6x0AG0a7SVFzJ1KKrxjosFRrcHSNGqXzs15yjn6iUF790FH5%2BCM%2BkX9RlNfTYmd7b5nemNzoGks4YpvvXAJmaTzgMjfyez6L7I3FkgaMvlJCBb0tE6tddehRZcckBW3RSfSv37s1vO1x73cue2tRsZy0DMU2A%2FNez56p8jt8lpQd9qYcMaQtrhiW4NJsGX%2ForJES%2FzfP2gQ%3D%3D%22%7D
Arai Signet-Q Bomb Full Face Helmet Motorcycle Helmet,43590.8542,https://pulsar.ebay.com/plsr/clk/0/SADS/9?pld=%7B%22mecs%22%3A%223721608359954cdb0f20233c4897a5fab284a74ab753%22%2C%22enc%22%3A%22AQACAAACgECrdTMMjTK3cnadl0AMuL0iML61OFOIGWrhbbo7srosKJ3sUZLP3XWbo0v3gp0k3vHtMM4DD2S3yzE2JYrIO6jgRhKk8Nz6hM9Ll%2BcmRG%2FzMOermBodHyvTZgNvw%2Fi0sd5mrWUdEWmawOpy65aUQZZ5l9dk7rEEFV3xIHIbWVRlUbBFkK%2B1WLwXU98BYj20BRv5bvzPUWwXgZPhz4VSttkE1SBXSempZdkHrYgIgicdxl7jv0K8HG%2BcwMU3V1wzMPt%2FT6tSpNK74rjGQzOwCWFylozN3y17La2l97QewOwrzBR6aWSVLAuq2eI6o7HOgbd32qHltRmaZp6SOfiZtLNkd98ELGDGcTbRFtKFj%2FRXSknYKmQ%2BYnU9siazJGuvVLLQvhiX1IQviAMCdUamjb7WIARjY5sbZOWi6tPaTHEN%2BqNsHmlw55nG7ZLwaz5A%2FNpoU8ercpyFacoqw0CfQ%2BlFmSpzZMZxSU8BkpaymZqw0icdQqgd2SkrXYmwrJNb8L1m4SJ9ZH%2FRS08dC6AGGOCf%2By6JJhPD%2BKRN%2F6hMt%2FsZLpqcW5eQWVZulGlPQ3Zp2ogj9GEduTREWruzNw%2Bv3KkH9TVTuwk1JEnkZ%2Bt0hvOOHweSJzsuPRS7EW48eyE5GldlFX7JLEufPzoHYQg3pREU5cWJMuzu%2BM7xjMyjX5g1lMNIVtliW%2BmmvqnZi7v1T7n%2F%2FuHo3Egvc2iots6s8oo2KhMhC39zJSOoKT4wUUZY%2FgSJ6HonNRgsfoIYFAnbGAynhLvzeOs8tXbA6w%2Br8V8kc4GRK2YCIxYDqa0jF0p9jmzXI0pbZUcRMeDmF960Cwy%2BEs44HpeDBc7rUeBFA7c%3D%22%7D
"*Ships Within 24 Hrs* Bell Custom 500 Open Face Motorcycle Helmet (Solid, Carbon",4517.371,https://www.ebay.com/itm/Ships-Within-24-Hrs-Bell-Custom-500-Open-Face-Motorcycle-Helmet-Solid-Carbon/261448694554?hash=item3cdf8e7b1a:m:mZZ8MybCyon1_TIpBZYPDKQ&vxp=mtr
Arai Corsair X Vinales Replica Full Face Helmet Motorcycle Helmet,48433.0626,https://pulsar.ebay.com/plsr/clk/0/SADS/9?pld=%7B%22mecs%22%3A%22322928476956b27ab818653a4f25bc88a7c6e3cf33e1%22%2C%22enc%22%3A%22AQACAAACkECrdTMMjTK3cnadl0AMuL16qqFGsIMRIOZ7a4yzqu1eqaLUs2prTvYS7%2FBLc%2FvZ%2FcRNGymXOf2z5EzkaNvUQFn7TU34CgHpXWc9NUehylYpdmJFJe0wIooUX0j%2FUFqeGAAjaIZcQ2N3Cz7YhG4a8y0%2Fa0GV7zcCfvfhh0ulgYqF%2FcsD3hPfJIe0HwY8Tar4F4PdhpiVJwUPqLGKxha%2BZaLabeJshOmfrFPgeF1dDC10Z3NkqM9Q6kNvP3Ky0lRB5OOzWGBIMv4v46pHbxIdKK0Cy1FYF2U9ozcAMQBuxFHrfqLhbVI9sVyy1ZZzypFBifXbPoU6ugjUfGG%2BWK1%2FN0xPbFnhwO2lRa6FdpjBlxxslo3HfLX8wVjMaMSAqy%2BamVhoOl7%2BuZGEMKeCgb%2Ff%2FeLI4evk%2FiNzZByDXXDmSWs9uo6xAnpfFjjW%2FiXZAPVpQ0S40OLYVlnpSEO3%2BeDUYc3k2IFh02HMn4gQ1faC0JQtXnX2EF5WHYmGgv0Gb3KU0wV2Kr%2FEAWiJ6qNFRQlpzXDYSP90C7Nj5lLU%2B3iZf2IrKCEjxZiCwEKg6NzOVOyszaKU8X%2BAKX1FtKJINAm34PvyjZaPW5ncbq2kn3jfckgn46RvHQ8fdMnLtJF1WfNnLjeZl0U7mZQlb9Xq8AXjowGmFARWO%2FWHgPKBbdGLeZKf9%2FTc0dGjqUynUrF8CQ5F1i2ssUdApCVvhz%2Fsncsa8hXxw6gcHnSN6mxJQhJ8FXRX3qsk4zg0QU9Q%2Fy3xZtb5N%2B7TMHKirEPEhH4O1dZt0juQUrOlWFkuqR0SuXDBDp996ljjJa73EkLHzjc%2BYS7BuEWx8p%2BoU6w6Ipci1nmQ%2Fv%2BYUzSNJ1Fd%2F3OMkVvF%2Foah%22%7D
Arai Corsair V Rabat Replica Full Face Helmet Motorcycle Helmet,54050.8768,https://pulsar.ebay.com/plsr/clk/0/SADS/9?pld=%7B%22mecs%22%3A%2232292839377945f8130315e4445ca179f28d0d91e87b%22%2C%22enc%22%3A%22AQACAAACkECrdTMMjTK3cnadl0AMuL0gMHsIIE8eh1Di1Ho0cpn4Z%2B4f7Q7Nsl6UKu5AyXwFldvZHcHTeKtEIlszElmA3HPv4wJEpi%2F6A%2FLDLp9bV0zMuNkGvVKjsM%2Bdtbg6fbcgNuviOkhpIOF9AfDzsEo%2Bu4IUJxQsfX035cDauJFLa2L3WaAbiO3CGEI03dSAG35utD0dfoEQTpWDdE9vcKpcuWZR1EGVksdpjMDRmISm4MEIregTH%2F4sjyiffZ6FHLDGPqiCu8RZLn2JRUeWGw7JQlM1bxsdsS0V7O736%2BWpGz57EDtRIbktvs%2FCtidNcpaxf49lVwl%2BohuhA7u316LJDB12rU%2FuTujnkzgC6qlFXLWzKvfpIp%2BW1Q3lkkCOOFmPQUVT%2FP%2FMvNA9X4WXPM7seTEwrk4k0G1ThDMnCItPME4qz2Cf3UjGqdyV8CRgIkzKDatNkWh9ONKxhFManELkhUcDttVL1rmPJi4XxEjnw1ScxQO5JuxASM2cihqPa258zrenv0bnu%2Fvr5cch5FryGZgWECYxQeTSDOzO2p3LDy1JhViezGqf1Lprg6%2F7g4ym9yBNFP91P2bO%2FANJ%2BaDDOQmjl%2FrsrRQ5pljg4R%2FgMEp%2BOjfy7r9G%2BTrMnFQcaxZzXgiN0j8wJ7th1nj%2B8ZEEx9n7ad1TbDoD5m0QjxphN%2Bum%2BPSB1UIerTNmQWYD%2FpBFEbmR2ftH6BeOurDskgLETetPSe6JmXrmcb9s%2BjSdyH4S2YkiachAbvlkRCtBwYZZqjL9LPYXUoEWqLLDIeg%2FDkGyk94FjFb4fHMWgmdmDrzdz%2FtqCKBwLwdLfGkp8yeU7DYs3Bc3R4Tp8SqPOCmYGg7C%2B0IU5pPlBOaFxcw%2FqyBn%22%7D
Arai Corsair X Haslam Full Face Helmet Motorcycle Helmet,56956.976800000004,https://pulsar.ebay.com/plsr/clk/0/SADS/9?pld=%7B%22mecs%22%3A%223324788100284f4996fa81f946ac84db8b1f2ceab744%22%2C%22enc%22%3A%22AQACAAACkECrdTMMjTK3cnadl0AMuL05hUCWAptqyIjVeMEv7GH1KqxYO%2FEjXhCAQuFINI4m2NUNeGzsEm%2FLBG%2BrI3tBId70yQ5Kahn%2FXmdmAC9LgDlGM7a2jMPJ9ZcFnkCH%2FO0WvAzh9XTFFQ1Da5sxh%2BcO4fS%2FPiz%2FuNbwY5ihGIWy4rCzHCfIY1oW5UYrbzhmGPOzTp1LC2WrlVKMj2lFVta5v6eEI0jBmxutX%2FCPr1h1Ayz9l%2FAQvf9bDzLuuZGRWyIushpW500%2FijXBAEr%2BzSIdB2Pnk%2F6qVrt9%2Bkt10ZDYEvhx4Ge6AeNwiFIPmCY2tMghEGmGdMMPJLgAxNaN%2FLzsFQg4kEycNB%2FbEioTkk34ECq9nco8TnuzXyFXhcviSQMVXmO%2BYsKVXJpQypEgBboJ1Jx9Vc9R0jyF6%2FCaY3i5UqJAJfyaN35MbmyoJJ2q66ROtCbXMrhefkYtu4HETD6Fn%2FnKVOCu%2BK8mDZbk%2B65Y3iLTR%2Bk6eVKQalE8ri86HJRhKtnoOtM6HCXGErZeru7p38XdZ%2F3w3K6wlgHu6jLrelmNfTnrK2Whx%2F83Z9wXXtIxg1GLj2R%2B%2F9z%2BxC8swRaJgDNUSnvKLfoMF92P0kbGCSUOhD8I12yhymMF04i1SNmSKB3iSRz2ijnbGQqPir2sJ%2B60mMMT8d5MEMfvOdZd0rjhTf5dD4pkKoaij3SpFlaBMEr5QfgRTas1ifRBPIjc%2Bgg61FsG%2Fl8pcao1mhvRkNF3cLjk97%2FzCnjPJZdQpAON%2Bvp2d%2FlSKrClmLd7V7ywf6aaz10EyfCLzLZwrv7npR6DsLElVi3igJXMD7m83nfj0DUJgh3MIms%2BMWNrNAkE6bnMgpmantElA6wRpgNoRbJO%22%7D
Icon Airmada Monkey Business Full Face Red Motorcycle Helmet Large,67.1632,https://www.ebay.com/itm/Icon-Airmada-Monkey-Business-Full-Face-Red-Motorcycle-Helmet-Large/253300549756?hash=item3af9e3a87c:g:gDEAAOSwCbtZwMd3&vxp=mtr
AGV K3 Groovy SV Full Face Motorcycle. Helmet Multi Medium-Large,83.3082,https://www.ebay.com/itm/AGV-K3-Groovy-SV-Full-Face-Motorcycle-Helmet-Multi-Medium-Large/253300544136?epid=1052514415&hash=item3af9e39288:g:PLkAAOSwyjJZwMIP&vxp=mtr
3/4 Motorcycle Helmet Black Open Face Helmet Cruiser ALL SIZES ADULT Goggles NEW,903.4742,https://www.ebay.com/itm/3-4-Motorcycle-Helmet-Black-Open-Face-Helmet-Cruiser-ALL-SIZES-ADULT-Goggles-NEW/272593860470?epid=9004358982&hash=item3f77dc3776:m:mJnP06vg5anBtw1PANpwyTw&vxp=mtr
Fly Racing 2018 TOXIN Original Helmet (Blue/Black/Wh ite) XS (X-Small),9296.9368,https://www.ebay.com/itm/Fly-Racing-2018-TOXIN-Original-Helmet-Blue-Black-White-XS-X-Small/272970664604?epid=735960524&hash=item3f8e51ca9c:g:884AAOSwiIxaJ1oi&vxp=mtr
FLY STREET LUXX Shock Full-Face Motorcycle Helmet (Matte Black/White/Re d) XL,9297.5826,https://www.ebay.com/itm/FLY-STREET-LUXX-Shock-Full-Face-Motorcycle-Helmet-Matte-Black-White-Red-XL/272970664220?hash=item3f8e51c91c:g:-MAAAOSwvR5aJ1oU&vxp=mtr
FLY STREET - LUXX Camo Full-Face Motorcycle Helmet (Red) S (Small),9297.5826,https://www.ebay.com/itm/FLY-STREET-LUXX-Camo-Full-Face-Motorcycle-Helmet-Red-S-Small/282761720294?hash=item41d5e971e6:g:8CMAAOSw43haJ1oW&vxp=mtr
FLY STREET - LUXX Shock Full-Face Motorcycle Helmet (Black/Silver) L (Large),9297.5826,https://www.ebay.com/itm/FLY-STREET-LUXX-Shock-Full-Face-Motorcycle-Helmet-Black-Silver-L-Large/282761720337?hash=item41d5e97211:g:df4AAOSwfVhaJ1oY&vxp=mtr
title,price ($),url
